{
  "hash": "1623ea9e",
  "configHash": "df4fd617",
  "lockfileHash": "80794685",
  "browserHash": "13aaae71",
  "optimized": {
    "@angular/common": {
      "src": "../../../../../../node_modules/@angular/common/fesm2022/common.mjs",
      "file": "@angular_common.js",
      "fileHash": "71dc1652",
      "needsInterop": false
    },
    "@angular/common/http": {
      "src": "../../../../../../node_modules/@angular/common/fesm2022/http.mjs",
      "file": "@angular_common_http.js",
      "fileHash": "86ea9e2d",
      "needsInterop": false
    },
    "@angular/core": {
      "src": "../../../../../../node_modules/@angular/core/fesm2022/core.mjs",
      "file": "@angular_core.js",
      "fileHash": "66180c4c",
      "needsInterop": false
    },
    "@angular/forms": {
      "src": "../../../../../../node_modules/@angular/forms/fesm2022/forms.mjs",
      "file": "@angular_forms.js",
      "fileHash": "99a57427",
      "needsInterop": false
    },
    "@angular/platform-browser": {
      "src": "../../../../../../node_modules/@angular/platform-browser/fesm2022/platform-browser.mjs",
      "file": "@angular_platform-browser.js",
      "fileHash": "99b6de40",
      "needsInterop": false
    },
    "@angular/platform-server": {
      "src": "../../../../../../node_modules/@angular/platform-server/fesm2022/platform-server.mjs",
      "file": "@angular_platform-server.js",
      "fileHash": "21bcc2fe",
      "needsInterop": false
    },
    "@angular/router": {
      "src": "../../../../../../node_modules/@angular/router/fesm2022/router.mjs",
      "file": "@angular_router.js",
      "fileHash": "246c4a12",
      "needsInterop": false
    },
    "@angular/ssr": {
      "src": "../../../../../../node_modules/@angular/ssr/fesm2022/ssr.mjs",
      "file": "@angular_ssr.js",
      "fileHash": "f3f83654",
      "needsInterop": false
    },
    "@angular/ssr/node": {
      "src": "../../../../../../node_modules/@angular/ssr/fesm2022/node.mjs",
      "file": "@angular_ssr_node.js",
      "fileHash": "ae69339d",
      "needsInterop": false
    },
    "express": {
      "src": "../../../../../../node_modules/express/index.js",
      "file": "express.js",
      "fileHash": "82a62bf2",
      "needsInterop": true
    }
  },
  "chunks": {
    "xhr2-TXIMV6CV": {
      "file": "xhr2-TXIMV6CV.js"
    },
    "chunk-6USQ22AV": {
      "file": "chunk-6USQ22AV.js"
    },
    "chunk-SLIZ5KYQ": {
      "file": "chunk-SLIZ5KYQ.js"
    },
    "chunk-7TTVXZSZ": {
      "file": "chunk-7TTVXZSZ.js"
    },
    "chunk-5EZB52YK": {
      "file": "chunk-5EZB52YK.js"
    },
    "chunk-3IVTDJG7": {
      "file": "chunk-3IVTDJG7.js"
    },
    "chunk-2M2HMFBT": {
      "file": "chunk-2M2HMFBT.js"
    },
    "chunk-PEAVEDUD": {
      "file": "chunk-PEAVEDUD.js"
    },
    "chunk-YHCV7DAQ": {
      "file": "chunk-YHCV7DAQ.js"
    }
  }
}