{
    "appointments": 20,
    "patients": 10,
    "doctors": 20,
    "labTests": 300,
    "appointmentList": [
      {
        "time": "10:00 AM",
        "date": "2024-12-25",
        "patient": {
          "name": "John Doe",
          "image": "john_doe.jpg"
        },
        "doctor": "Dr. Smith"
      },
      {
        "time": "11:30 AM",
        "date": "2024-12-25",
        "patient": {
          "name": "Jane Doe",
          "image": "jane_doe.jpg"
        },
        "doctor": "Dr. Johnson"
      },
      {
        "time": "1:00 PM",
        "date": "2024-12-25",
        "patient": {
          "name": "Alice Williams",
          "image": "alice_williams.jpg"
        },
        "doctor": "Dr. Brown"
      }
    ],
    "doctorList": [
      {
        "name": "Dr. Smith",
        "experience": 10,
        "specialty": "Cardiology",
        "image": "dr_smith.jpg"
      },
      {
        "name": "Dr. Johnson",
        "experience": 8,
        "specialty": "Neurology",
        "image": "dr_johnson.jpg"
      },
      {
        "name": "Dr. Brown",
        "experience": 12,
        "specialty": "Orthopedics",
        "image": "dr_brown.jpg"
      }
    ],
    "status": {
      "admission": 30,
      "hospitalized": 50,
      "discharged": 15,
      "others": 5
    }
  }
  