[
    {
      "id": 1,
      "date": "2024-12-21",
      "doctor": "Dr. John Doe",
      "ordonnance_id": 101,
      "resume": "Follow-up on flu symptoms."
    },
    {
      "id": 2,
      "date": "2024-12-22",
      "doctor": "Dr. Jane Smith",
      "ordonnance_id": 102,
      "resume": "Routine health check."
    },
    {
        "id": 3,
        "date": "2024-12-22",
        "doctor": "Dr. Jane Smith",
        "ordonnance_id": 102,
        "resume": "Routine health check."
      },
      {
          "id": 4,
          "date": "2024-12-22",
          "doctor": "Dr. Jane Smith",
          "ordonnance_id": 102,
          "resume": "Routine health check."
        },
        {
            "id": 5,
            "date": "2024-12-22",
            "doctor": "Dr. Jane Smith",
            "ordonnance_id": 102,
            "resume": "Routine health check."
          },
          {
              "id": 6,
              "date": "2024-12-22",
              "doctor": "Dr. Jane Smith",
              "ordonnance_id": 102,
              "resume": "Routine health check."
            },
            {
                "id": 7,
                "date": "2024-12-22",
                "doctor": "Dr. Jane Smith",
                "ordonnance_id": 102,
                "resume": "Routine health check."
              },
              {
                  "id": 8,
                  "date": "2024-12-22",
                  "doctor": "Dr. Jane Smith",
                  "ordonnance_id": 102,
                  "resume": "Routine health check."
                },
                {
                    "id": 9,
                    "date": "2024-12-22",
                    "doctor": "Dr. Jane Smith",
                    "ordonnance_id": 102,
                    "resume": "Routine health check."
                  }

  ]
  